"Run","Run ID","metric","step","timestamp","value"
"waitk-student","e3576becbb304f528584daf0fd3c7e1d","loss.dataset_ce","8","1779636077960","12.937235832214355"
"waitk-student","e3576becbb304f528584daf0fd3c7e1d","loss.dataset_ce","368","1779636159271","8.605257034301758"
"waitk-student","e3576becbb304f528584daf0fd3c7e1d","loss.dataset_ce","728","1779636240907","7.622838020324707"
"waitk-student","e3576becbb304f528584daf0fd3c7e1d","loss.dataset_ce","1088","1779636322746","7.349951267242432"
"waitk-student","e3576becbb304f528584daf0fd3c7e1d","loss.dataset_ce","1456","1779636406445","7.015228271484375"
"waitk-student","e3576becbb304f528584daf0fd3c7e1d","loss.dataset_ce","1816","1779636488429","6.695542335510254"
"waitk-student","e3576becbb304f528584daf0fd3c7e1d","loss.dataset_ce","2176","1779636570281","6.349709510803223"
"waitk-student","e3576becbb304f528584daf0fd3c7e1d","loss.dataset_ce","2544","1779636654084","6.029700756072998"
"waitk-student","e3576becbb304f528584daf0fd3c7e1d","loss.dataset_ce","2904","1779636736002","5.912045955657959"
"waitk-student","e3576becbb304f528584daf0fd3c7e1d","loss.dataset_ce","3264","1779636817668","5.4348955154418945"
"waitk-student","e3576becbb304f528584daf0fd3c7e1d","loss.dataset_ce","3632","1779636901340","5.284536838531494"
"waitk-student","e3576becbb304f528584daf0fd3c7e1d","loss.dataset_ce","3992","1779636983230","5.217864036560059"
"waitk-student","e3576becbb304f528584daf0fd3c7e1d","loss.dataset_ce","4352","1779637064855","5.031705379486084"
"waitk-student","e3576becbb304f528584daf0fd3c7e1d","loss.dataset_ce","4720","1779637148438","5.072279453277588"
"waitk-student","e3576becbb304f528584daf0fd3c7e1d","loss.dataset_ce","5080","1779637230127","4.868538856506348"
"waitk-student","e3576becbb304f528584daf0fd3c7e1d","loss.dataset_ce","5440","1779637311932","4.674164772033691"
"waitk-student","e3576becbb304f528584daf0fd3c7e1d","loss.dataset_ce","5808","1779637395466","4.739280700683594"
"waitk-student","e3576becbb304f528584daf0fd3c7e1d","loss.dataset_ce","6168","1779637477319","4.546140193939209"
"waitk-student","e3576becbb304f528584daf0fd3c7e1d","loss.dataset_ce","6528","1779637559206","4.666987419128418"
"waitk-student","e3576becbb304f528584daf0fd3c7e1d","loss.dataset_ce","6896","1779637643096","4.470990180969238"
"waitk-student","e3576becbb304f528584daf0fd3c7e1d","loss.dataset_ce","7256","1779637724899","4.287831783294678"
"waitk-student","e3576becbb304f528584daf0fd3c7e1d","loss.dataset_ce","7616","1779637806723","4.3784966468811035"
"waitk-student","e3576becbb304f528584daf0fd3c7e1d","loss.dataset_ce","7984","1779637890248","4.21499490737915"
"waitk-student","e3576becbb304f528584daf0fd3c7e1d","loss.dataset_ce","8344","1779637972052","4.124521255493164"
"waitk-student","e3576becbb304f528584daf0fd3c7e1d","loss.dataset_ce","8704","1779638053713","4.075268268585205"
"waitk-student","e3576becbb304f528584daf0fd3c7e1d","loss.dataset_ce","9072","1779638137214","4.223834991455078"
"waitk-student","e3576becbb304f528584daf0fd3c7e1d","loss.dataset_ce","9432","1779638218893","4.1741180419921875"
"waitk-student","e3576becbb304f528584daf0fd3c7e1d","loss.dataset_ce","9792","1779638300385","4.142132759094238"
"waitk-student","e3576becbb304f528584daf0fd3c7e1d","loss.dataset_ce","10160","1779638384059","4.053827285766602"
"waitk-student","e3576becbb304f528584daf0fd3c7e1d","loss.dataset_ce","10520","1779638465842","3.9466567039489746"
"waitk-student","e3576becbb304f528584daf0fd3c7e1d","loss.dataset_ce","10880","1779638547454","3.85067081451416"
"waitk-student","e3576becbb304f528584daf0fd3c7e1d","loss.dataset_ce","11248","1779638630936","3.945685625076294"
"waitk-student","e3576becbb304f528584daf0fd3c7e1d","loss.dataset_ce","11608","1779638712606","3.840280771255493"
"waitk-student","e3576becbb304f528584daf0fd3c7e1d","loss.dataset_ce","11968","1779638794602","3.747797727584839"
"waitk-student","e3576becbb304f528584daf0fd3c7e1d","loss.dataset_ce","12336","1779638878166","3.745358943939209"
"waitk-student","e3576becbb304f528584daf0fd3c7e1d","loss.dataset_ce","12696","1779638959972","3.8551132678985596"
"waitk-student","e3576becbb304f528584daf0fd3c7e1d","loss.dataset_ce","13056","1779639041832","3.7349796295166016"
"waitk-student","e3576becbb304f528584daf0fd3c7e1d","loss.dataset_ce","13424","1779639125234","3.8178882598876953"
"waitk-student","e3576becbb304f528584daf0fd3c7e1d","loss.dataset_ce","13784","1779639207072","3.5784332752227783"
"waitk-student","e3576becbb304f528584daf0fd3c7e1d","loss.dataset_ce","14144","1779639288778","3.914872407913208"
"waitk-student","e3576becbb304f528584daf0fd3c7e1d","loss.dataset_ce","14512","1779639377653","3.5694923400878906"
"waitk-student","e3576becbb304f528584daf0fd3c7e1d","loss.dataset_ce","14872","1779639460146","3.6676268577575684"
"waitk-student","e3576becbb304f528584daf0fd3c7e1d","loss.dataset_ce","15232","1779639541882","3.561082601547241"
"waitk-student","e3576becbb304f528584daf0fd3c7e1d","loss.dataset_ce","15592","1779639623454","3.4670190811157227"
"waitk-student","e3576becbb304f528584daf0fd3c7e1d","loss.dataset_ce","15960","1779639706950","3.5519797801971436"
"waitk-student","e3576becbb304f528584daf0fd3c7e1d","loss.dataset_ce","16320","1779639788548","3.5175650119781494"
"waitk-student","e3576becbb304f528584daf0fd3c7e1d","loss.dataset_ce","16680","1779639870307","3.529512643814087"
"waitk-student","e3576becbb304f528584daf0fd3c7e1d","loss.dataset_ce","17048","1779639953866","3.604316473007202"
"waitk-student","e3576becbb304f528584daf0fd3c7e1d","loss.dataset_ce","17408","1779640035661","3.3508288860321045"
"waitk-student","e3576becbb304f528584daf0fd3c7e1d","loss.dataset_ce","17768","1779640117497","3.5224239826202393"
"waitk-student","e3576becbb304f528584daf0fd3c7e1d","loss.dataset_ce","18136","1779640201043","3.4133121967315674"
"waitk-student","e3576becbb304f528584daf0fd3c7e1d","loss.dataset_ce","18496","1779640282945","3.286068916320801"
"waitk-student","e3576becbb304f528584daf0fd3c7e1d","loss.dataset_ce","18856","1779640364981","3.386892080307007"
"waitk-student","e3576becbb304f528584daf0fd3c7e1d","loss.dataset_ce","19224","1779640448407","3.3800060749053955"
"waitk-student","e3576becbb304f528584daf0fd3c7e1d","loss.dataset_ce","19584","1779640530078","3.3820600509643555"
"waitk-student","e3576becbb304f528584daf0fd3c7e1d","loss.dataset_ce","19944","1779640611734","3.2451512813568115"
"waitk-student","e3576becbb304f528584daf0fd3c7e1d","loss.dataset_ce","20312","1779640695177","3.2942442893981934"
"waitk-student","e3576becbb304f528584daf0fd3c7e1d","loss.dataset_ce","20672","1779640776890","3.2298669815063477"
"waitk-student","e3576becbb304f528584daf0fd3c7e1d","loss.dataset_ce","21032","1779640858529","3.2273218631744385"
"waitk-student","e3576becbb304f528584daf0fd3c7e1d","loss.dataset_ce","21400","1779640942014","3.301624298095703"
"waitk-student","e3576becbb304f528584daf0fd3c7e1d","loss.dataset_ce","21760","1779641023854","3.45593523979187"
"waitk-student","e3576becbb304f528584daf0fd3c7e1d","loss.dataset_ce","22120","1779641105388","3.218065023422241"
"waitk-student","e3576becbb304f528584daf0fd3c7e1d","loss.dataset_ce","22488","1779641188870","3.169689655303955"
"waitk-student","e3576becbb304f528584daf0fd3c7e1d","loss.dataset_ce","22848","1779641270401","3.242579460144043"
"waitk-student","e3576becbb304f528584daf0fd3c7e1d","loss.dataset_ce","23208","1779641352400","3.164346933364868"
"waitk-student","e3576becbb304f528584daf0fd3c7e1d","loss.dataset_ce","23576","1779641435999","3.2120046615600586"
"waitk-student","e3576becbb304f528584daf0fd3c7e1d","loss.dataset_ce","23936","1779641517718","3.0954575538635254"
"waitk-student","e3576becbb304f528584daf0fd3c7e1d","loss.dataset_ce","24296","1779641599637","3.0725808143615723"
"waitk-student","e3576becbb304f528584daf0fd3c7e1d","loss.dataset_ce","24664","1779641683313","3.0073025226593018"
"waitk-student","e3576becbb304f528584daf0fd3c7e1d","loss.dataset_ce","25024","1779641764976","3.177574396133423"
"waitk-student","e3576becbb304f528584daf0fd3c7e1d","loss.dataset_ce","25384","1779641846625","3.178586483001709"
"waitk-student","e3576becbb304f528584daf0fd3c7e1d","loss.dataset_ce","25752","1779641930075","3.190927505493164"
"waitk-student","e3576becbb304f528584daf0fd3c7e1d","loss.dataset_ce","26112","1779642011600","3.216773748397827"
"waitk-student","e3576becbb304f528584daf0fd3c7e1d","loss.dataset_ce","26472","1779642093292","3.114799976348877"
"waitk-student","e3576becbb304f528584daf0fd3c7e1d","loss.dataset_ce","26840","1779642176611","3.1025004386901855"
"waitk-student","e3576becbb304f528584daf0fd3c7e1d","loss.dataset_ce","27200","1779642258252","2.9770374298095703"
"waitk-student","e3576becbb304f528584daf0fd3c7e1d","loss.dataset_ce","27560","1779642339912","2.8558709621429443"
"waitk-student","e3576becbb304f528584daf0fd3c7e1d","loss.dataset_ce","27928","1779642423321","3.0854909420013428"
"waitk-student","e3576becbb304f528584daf0fd3c7e1d","loss.dataset_ce","28288","1779642505056","2.9442663192749023"
"waitk-student","e3576becbb304f528584daf0fd3c7e1d","loss.dataset_ce","28648","1779642586639","3.113518714904785"
"waitk-student","e3576becbb304f528584daf0fd3c7e1d","loss.dataset_ce","29016","1779642675399","2.8539843559265137"
"waitk-student","e3576becbb304f528584daf0fd3c7e1d","loss.dataset_ce","29376","1779642757808","2.910348415374756"
"waitk-student","e3576becbb304f528584daf0fd3c7e1d","loss.dataset_ce","29736","1779642839497","2.884284019470215"
"waitk-student","e3576becbb304f528584daf0fd3c7e1d","loss.dataset_ce","30096","1779642921309","3.027548313140869"
"waitk-student","e3576becbb304f528584daf0fd3c7e1d","loss.dataset_ce","30464","1779643004896","2.8736093044281006"
"waitk-student","e3576becbb304f528584daf0fd3c7e1d","loss.dataset_ce","30824","1779643086494","2.7958030700683594"
"waitk-student","e3576becbb304f528584daf0fd3c7e1d","loss.dataset_ce","31184","1779643168152","2.932420492172241"
"waitk-student","e3576becbb304f528584daf0fd3c7e1d","loss.dataset_ce","31552","1779643251566","2.9276325702667236"
"waitk-student","e3576becbb304f528584daf0fd3c7e1d","loss.dataset_ce","31912","1779643333242","2.9356977939605713"
"waitk-student","e3576becbb304f528584daf0fd3c7e1d","loss.dataset_ce","32272","1779643414893","2.9018025398254395"
"waitk-student","e3576becbb304f528584daf0fd3c7e1d","loss.dataset_ce","32640","1779643498310","2.8427369594573975"
"waitk-student","e3576becbb304f528584daf0fd3c7e1d","loss.dataset_ce","33000","1779643580077","2.7922346591949463"
"waitk-student","e3576becbb304f528584daf0fd3c7e1d","loss.dataset_ce","33360","1779643661611","2.8318610191345215"
"waitk-student","e3576becbb304f528584daf0fd3c7e1d","loss.dataset_ce","33728","1779643745123","2.9824743270874023"
"waitk-student","e3576becbb304f528584daf0fd3c7e1d","loss.dataset_ce","34088","1779643826879","2.750011444091797"
"waitk-student","e3576becbb304f528584daf0fd3c7e1d","loss.dataset_ce","34448","1779643908480","2.657032012939453"
"waitk-student","e3576becbb304f528584daf0fd3c7e1d","loss.dataset_ce","34816","1779643992003","2.764803171157837"
"waitk-student","e3576becbb304f528584daf0fd3c7e1d","loss.dataset_ce","35176","1779644073954","2.7327442169189453"
"waitk-student","e3576becbb304f528584daf0fd3c7e1d","loss.dataset_ce","35536","1779644155774","2.7546677589416504"
"waitk-student","e3576becbb304f528584daf0fd3c7e1d","loss.dataset_ce","35904","1779644239509","2.7400920391082764"
"waitk-student","e3576becbb304f528584daf0fd3c7e1d","loss.dataset_ce","36264","1779644321286","2.7361226081848145"
"waitk-student","e3576becbb304f528584daf0fd3c7e1d","loss.dataset_ce","36624","1779644403095","2.6890177726745605"
"waitk-student","e3576becbb304f528584daf0fd3c7e1d","loss.dataset_ce","36992","1779644486888","2.707183361053467"
"waitk-student","e3576becbb304f528584daf0fd3c7e1d","loss.dataset_ce","37352","1779644568419","2.609588861465454"
"waitk-student","e3576becbb304f528584daf0fd3c7e1d","loss.dataset_ce","37712","1779644650043","2.579296827316284"
"waitk-student","e3576becbb304f528584daf0fd3c7e1d","loss.dataset_ce","38080","1779644733753","2.671736717224121"
"waitk-student","e3576becbb304f528584daf0fd3c7e1d","loss.dataset_ce","38440","1779644815304","2.762439727783203"
"waitk-student","e3576becbb304f528584daf0fd3c7e1d","loss.dataset_ce","38800","1779644897104","2.765101432800293"
"waitk-student","e3576becbb304f528584daf0fd3c7e1d","loss.dataset_ce","39168","1779644980532","2.667518377304077"
"waitk-student","e3576becbb304f528584daf0fd3c7e1d","loss.dataset_ce","39528","1779645062405","2.569369316101074"
"waitk-student","e3576becbb304f528584daf0fd3c7e1d","loss.dataset_ce","39888","1779645144200","2.7550063133239746"
"waitk-student","e3576becbb304f528584daf0fd3c7e1d","loss.dataset_ce","40256","1779645227598","2.808603048324585"
"waitk-student","e3576becbb304f528584daf0fd3c7e1d","loss.dataset_ce","40616","1779645309241","2.528442859649658"
"waitk-student","e3576becbb304f528584daf0fd3c7e1d","loss.dataset_ce","40976","1779645391089","2.533944606781006"
"waitk-student","e3576becbb304f528584daf0fd3c7e1d","loss.dataset_ce","41344","1779645474538","2.691537618637085"
"waitk-student","e3576becbb304f528584daf0fd3c7e1d","loss.dataset_ce","41704","1779645556325","2.6065263748168945"
"waitk-student","e3576becbb304f528584daf0fd3c7e1d","loss.dataset_ce","42064","1779645638049","2.6428704261779785"
"waitk-student","e3576becbb304f528584daf0fd3c7e1d","loss.dataset_ce","42432","1779645721902","2.509629487991333"
"waitk-student","e3576becbb304f528584daf0fd3c7e1d","loss.dataset_ce","42792","1779645803713","2.4005813598632812"
"waitk-student","e3576becbb304f528584daf0fd3c7e1d","loss.dataset_ce","43152","1779645885400","2.5155751705169678"
"waitk-student","e3576becbb304f528584daf0fd3c7e1d","loss.dataset_ce","43520","1779645974017","2.51751446723938"
"waitk-student","e3576becbb304f528584daf0fd3c7e1d","loss.dataset_ce","43880","1779646056526","2.5111351013183594"
"waitk-student","e3576becbb304f528584daf0fd3c7e1d","loss.dataset_ce","44240","1779646138098","2.6043436527252197"
"waitk-student","e3576becbb304f528584daf0fd3c7e1d","loss.dataset_ce","44600","1779646219728","2.3887617588043213"
"waitk-student","e3576becbb304f528584daf0fd3c7e1d","loss.dataset_ce","44968","1779646303201","2.5253679752349854"
"waitk-student","e3576becbb304f528584daf0fd3c7e1d","loss.dataset_ce","45328","1779646384903","2.313032865524292"
"waitk-student","e3576becbb304f528584daf0fd3c7e1d","loss.dataset_ce","45688","1779646466622","2.595428228378296"
"waitk-student","e3576becbb304f528584daf0fd3c7e1d","loss.dataset_ce","46056","1779646550141","2.619201183319092"
"waitk-student","e3576becbb304f528584daf0fd3c7e1d","loss.dataset_ce","46416","1779646632023","2.351846694946289"
"waitk-student","e3576becbb304f528584daf0fd3c7e1d","loss.dataset_ce","46776","1779646713709","2.4173507690429688"
"waitk-student","e3576becbb304f528584daf0fd3c7e1d","loss.dataset_ce","47144","1779646797390","2.44960618019104"
"waitk-student","e3576becbb304f528584daf0fd3c7e1d","loss.dataset_ce","47504","1779646879120","2.4636898040771484"
"waitk-student","e3576becbb304f528584daf0fd3c7e1d","loss.dataset_ce","47864","1779646960947","2.2794530391693115"
"waitk-student","e3576becbb304f528584daf0fd3c7e1d","loss.dataset_ce","48232","1779647044686","2.4217026233673096"
"waitk-student","e3576becbb304f528584daf0fd3c7e1d","loss.dataset_ce","48592","1779647126288","2.4683678150177"
"waitk-student","e3576becbb304f528584daf0fd3c7e1d","loss.dataset_ce","48952","1779647208196","2.2582640647888184"
"waitk-student","e3576becbb304f528584daf0fd3c7e1d","loss.dataset_ce","49320","1779647291739","2.4958956241607666"
"waitk-student","e3576becbb304f528584daf0fd3c7e1d","loss.dataset_ce","49680","1779647373349","2.2844278812408447"
"waitk-student","e3576becbb304f528584daf0fd3c7e1d","loss.dataset_ce","50040","1779647455270","2.4113080501556396"
"waitk-student","e3576becbb304f528584daf0fd3c7e1d","loss.dataset_ce","50408","1779647538678","2.2886712551116943"
"waitk-student","e3576becbb304f528584daf0fd3c7e1d","loss.dataset_ce","50768","1779647620338","2.492825746536255"
"waitk-student","e3576becbb304f528584daf0fd3c7e1d","loss.dataset_ce","51128","1779647702173","2.306859254837036"
"waitk-student","e3576becbb304f528584daf0fd3c7e1d","loss.dataset_ce","51496","1779647785639","2.3326516151428223"
"waitk-student","e3576becbb304f528584daf0fd3c7e1d","loss.dataset_ce","51856","1779647867449","2.2720816135406494"
"waitk-student","e3576becbb304f528584daf0fd3c7e1d","loss.dataset_ce","52216","1779647949317","2.3948988914489746"
"waitk-student","e3576becbb304f528584daf0fd3c7e1d","loss.dataset_ce","52584","1779648033078","2.3054420948028564"
"waitk-student","e3576becbb304f528584daf0fd3c7e1d","loss.dataset_ce","52944","1779648114916","2.3439509868621826"
"waitk-student","e3576becbb304f528584daf0fd3c7e1d","loss.dataset_ce","53304","1779648196636","2.4998018741607666"
"waitk-student","e3576becbb304f528584daf0fd3c7e1d","loss.dataset_ce","53672","1779648280277","2.335160493850708"
"waitk-student","e3576becbb304f528584daf0fd3c7e1d","loss.dataset_ce","54032","1779648362008","2.2650578022003174"
"waitk-student","e3576becbb304f528584daf0fd3c7e1d","loss.dataset_ce","54392","1779648443659","2.196164846420288"
"waitk-student","e3576becbb304f528584daf0fd3c7e1d","loss.dataset_ce","54760","1779648527196","2.218226194381714"
"waitk-student","e3576becbb304f528584daf0fd3c7e1d","loss.dataset_ce","55120","1779648608799","2.315216064453125"
"waitk-student","e3576becbb304f528584daf0fd3c7e1d","loss.dataset_ce","55480","1779648690469","2.335951566696167"
"waitk-student","e3576becbb304f528584daf0fd3c7e1d","loss.dataset_ce","55848","1779648773954","2.2770960330963135"
"waitk-student","e3576becbb304f528584daf0fd3c7e1d","loss.dataset_ce","56208","1779648855588","2.290745496749878"
"waitk-student","e3576becbb304f528584daf0fd3c7e1d","loss.dataset_ce","56568","1779648937344","2.320688486099243"
"waitk-student","e3576becbb304f528584daf0fd3c7e1d","loss.dataset_ce","56936","1779649020806","2.202552080154419"
"waitk-student","e3576becbb304f528584daf0fd3c7e1d","loss.dataset_ce","57296","1779649102705","2.2989561557769775"
"waitk-student","e3576becbb304f528584daf0fd3c7e1d","loss.dataset_ce","57656","1779649184394","2.179981231689453"
"waitk-student","e3576becbb304f528584daf0fd3c7e1d","loss.dataset_ce","58024","1779649272986","2.184195041656494"
"waitk-student","e3576becbb304f528584daf0fd3c7e1d","loss.dataset_ce","58384","1779649355571","2.071777105331421"
"waitk-student","e3576becbb304f528584daf0fd3c7e1d","loss.dataset_ce","58744","1779649437383","2.1488568782806396"
"waitk-student","e3576becbb304f528584daf0fd3c7e1d","loss.dataset_ce","59104","1779649519491","2.173713445663452"
"waitk-student","e3576becbb304f528584daf0fd3c7e1d","loss.dataset_ce","59472","1779649603183","2.0051376819610596"
"waitk-student","e3576becbb304f528584daf0fd3c7e1d","loss.dataset_ce","59832","1779649684908","2.2357449531555176"
"waitk-student","e3576becbb304f528584daf0fd3c7e1d","loss.dataset_ce","60192","1779649766667","2.3502628803253174"
"waitk-student","e3576becbb304f528584daf0fd3c7e1d","loss.dataset_ce","60560","1779649850243","2.147029161453247"
"waitk-student","e3576becbb304f528584daf0fd3c7e1d","loss.dataset_ce","60920","1779649931836","2.182555675506592"
"waitk-student","e3576becbb304f528584daf0fd3c7e1d","loss.dataset_ce","61280","1779650013570","2.1366264820098877"
"waitk-student","e3576becbb304f528584daf0fd3c7e1d","loss.dataset_ce","61648","1779650096992","2.2286131381988525"
"waitk-student","e3576becbb304f528584daf0fd3c7e1d","loss.dataset_ce","62008","1779650178824","2.0755603313446045"
"waitk-student","e3576becbb304f528584daf0fd3c7e1d","loss.dataset_ce","62368","1779650260593","2.093702793121338"
"waitk-student","e3576becbb304f528584daf0fd3c7e1d","loss.dataset_ce","62736","1779650343976","2.2213668823242188"
"waitk-student","e3576becbb304f528584daf0fd3c7e1d","loss.dataset_ce","63096","1779650425707","2.1731064319610596"
"waitk-student","e3576becbb304f528584daf0fd3c7e1d","loss.dataset_ce","63456","1779650507538","2.1484580039978027"
"waitk-student","e3576becbb304f528584daf0fd3c7e1d","loss.dataset_ce","63824","1779650590943","2.189119815826416"
"waitk-student","e3576becbb304f528584daf0fd3c7e1d","loss.dataset_ce","64184","1779650672915","2.163339614868164"
"waitk-student","e3576becbb304f528584daf0fd3c7e1d","loss.dataset_ce","64544","1779650754828","2.1641414165496826"
"waitk-student","e3576becbb304f528584daf0fd3c7e1d","loss.dataset_ce","64912","1779650838608","2.130797863006592"
"waitk-student","e3576becbb304f528584daf0fd3c7e1d","loss.dataset_ce","65272","1779650920527","2.0786426067352295"
"waitk-student","e3576becbb304f528584daf0fd3c7e1d","loss.dataset_ce","65632","1779651002443","2.205613374710083"
"waitk-student","e3576becbb304f528584daf0fd3c7e1d","loss.dataset_ce","66000","1779651086063","2.2903716564178467"
"waitk-student","e3576becbb304f528584daf0fd3c7e1d","loss.dataset_ce","66360","1779651167835","2.099261522293091"
"waitk-student","e3576becbb304f528584daf0fd3c7e1d","loss.dataset_ce","66720","1779651249573","2.197298288345337"
"waitk-student","e3576becbb304f528584daf0fd3c7e1d","loss.dataset_ce","67088","1779651333390","2.1423985958099365"
"waitk-student","e3576becbb304f528584daf0fd3c7e1d","loss.dataset_ce","67448","1779651415130","2.054300546646118"
"waitk-student","e3576becbb304f528584daf0fd3c7e1d","loss.dataset_ce","67808","1779651496925","2.089956045150757"
"waitk-student","e3576becbb304f528584daf0fd3c7e1d","loss.dataset_ce","68176","1779651580723","2.179145097732544"
"waitk-student","e3576becbb304f528584daf0fd3c7e1d","loss.dataset_ce","68536","1779651662389","2.131685733795166"
"waitk-student","e3576becbb304f528584daf0fd3c7e1d","loss.dataset_ce","68896","1779651744299","1.9383717775344849"
"waitk-student","e3576becbb304f528584daf0fd3c7e1d","loss.dataset_ce","69264","1779651827972","2.095231533050537"
"waitk-student","e3576becbb304f528584daf0fd3c7e1d","loss.dataset_ce","69624","1779651909618","2.1818954944610596"
"waitk-student","e3576becbb304f528584daf0fd3c7e1d","loss.dataset_ce","69984","1779651991390","1.9861760139465332"
"waitk-student","e3576becbb304f528584daf0fd3c7e1d","loss.dataset_ce","70352","1779652074987","2.0139315128326416"
"waitk-student","e3576becbb304f528584daf0fd3c7e1d","loss.dataset_ce","70712","1779652156988","1.9151830673217773"
"waitk-student","e3576becbb304f528584daf0fd3c7e1d","loss.dataset_ce","71072","1779652238900","2.0758233070373535"
"waitk-student","e3576becbb304f528584daf0fd3c7e1d","loss.dataset_ce","71440","1779652322535","2.0747182369232178"
"waitk-student","e3576becbb304f528584daf0fd3c7e1d","loss.dataset_ce","71800","1779652404633","1.9383803606033325"
"waitk-student","e3576becbb304f528584daf0fd3c7e1d","loss.dataset_ce","72160","1779652486368","1.939177393913269"
"waitk-student","e3576becbb304f528584daf0fd3c7e1d","loss.dataset_ce","72528","1779652575383","1.986880898475647"
"waitk-student","e3576becbb304f528584daf0fd3c7e1d","loss.dataset_ce","72888","1779652657535","2.064065933227539"
"waitk-student","e3576becbb304f528584daf0fd3c7e1d","loss.dataset_ce","73248","1779652739078","2.0568149089813232"
"waitk-student","e3576becbb304f528584daf0fd3c7e1d","loss.dataset_ce","73608","1779652820950","1.9520328044891357"
"waitk-student","e3576becbb304f528584daf0fd3c7e1d","loss.dataset_ce","73976","1779652904405","1.8893687725067139"
"waitk-student","e3576becbb304f528584daf0fd3c7e1d","loss.dataset_ce","74336","1779652986006","2.060299873352051"
"waitk-student","e3576becbb304f528584daf0fd3c7e1d","loss.dataset_ce","74696","1779653067911","2.0668296813964844"
"waitk-student","e3576becbb304f528584daf0fd3c7e1d","loss.dataset_ce","75064","1779653151547","1.9269195795059204"
"waitk-student","e3576becbb304f528584daf0fd3c7e1d","loss.dataset_ce","75424","1779653233282","2.0317862033843994"
"waitk-student","e3576becbb304f528584daf0fd3c7e1d","loss.dataset_ce","75784","1779653315203","1.9060237407684326"
"waitk-student","e3576becbb304f528584daf0fd3c7e1d","loss.dataset_ce","76152","1779653398719","2.004607915878296"
"waitk-student","e3576becbb304f528584daf0fd3c7e1d","loss.dataset_ce","76512","1779653480752","1.9606455564498901"
"waitk-student","e3576becbb304f528584daf0fd3c7e1d","loss.dataset_ce","76872","1779653562745","2.0321993827819824"
"waitk-student","e3576becbb304f528584daf0fd3c7e1d","loss.dataset_ce","77240","1779653646232","1.9050264358520508"
"waitk-student","e3576becbb304f528584daf0fd3c7e1d","loss.dataset_ce","77600","1779653727873","1.9121174812316895"
"waitk-student","e3576becbb304f528584daf0fd3c7e1d","loss.dataset_ce","77960","1779653809726","1.956845760345459"
"waitk-student","e3576becbb304f528584daf0fd3c7e1d","loss.dataset_ce","78328","1779653893137","1.9592806100845337"
"waitk-student","e3576becbb304f528584daf0fd3c7e1d","loss.dataset_ce","78688","1779653974837","1.9726921319961548"
"waitk-student","e3576becbb304f528584daf0fd3c7e1d","loss.dataset_ce","79048","1779654056399","1.9200674295425415"
"waitk-student","e3576becbb304f528584daf0fd3c7e1d","loss.dataset_ce","79416","1779654139911","1.9220890998840332"
"waitk-student","e3576becbb304f528584daf0fd3c7e1d","loss.dataset_ce","79776","1779654221447","1.9269288778305054"
"waitk-student","e3576becbb304f528584daf0fd3c7e1d","loss.dataset_ce","80136","1779654303101","1.8069642782211304"
"waitk-student","e3576becbb304f528584daf0fd3c7e1d","loss.dataset_ce","80504","1779654386737","1.9662576913833618"
"waitk-student","e3576becbb304f528584daf0fd3c7e1d","loss.dataset_ce","80864","1779654468359","1.9896628856658936"
"waitk-student","e3576becbb304f528584daf0fd3c7e1d","loss.dataset_ce","81224","1779654550200","2.045419454574585"
"waitk-student","e3576becbb304f528584daf0fd3c7e1d","loss.dataset_ce","81592","1779654633860","1.8720909357070923"
"waitk-student","e3576becbb304f528584daf0fd3c7e1d","loss.dataset_ce","81952","1779654715645","1.9699960947036743"
"waitk-student","e3576becbb304f528584daf0fd3c7e1d","loss.dataset_ce","82312","1779654797733","2.024369239807129"
"waitk-student","e3576becbb304f528584daf0fd3c7e1d","loss.dataset_ce","82680","1779654881480","2.0296883583068848"
"waitk-student","e3576becbb304f528584daf0fd3c7e1d","loss.dataset_ce","83040","1779654963476","2.0226669311523438"
"waitk-student","e3576becbb304f528584daf0fd3c7e1d","loss.dataset_ce","83400","1779655045241","2.158034086227417"
"waitk-student","e3576becbb304f528584daf0fd3c7e1d","loss.dataset_ce","83768","1779655128599","1.8744850158691406"
"waitk-student","e3576becbb304f528584daf0fd3c7e1d","loss.dataset_ce","84128","1779655210301","1.8829846382141113"
"waitk-student","e3576becbb304f528584daf0fd3c7e1d","loss.dataset_ce","84488","1779655291915","1.941752552986145"
"waitk-student","e3576becbb304f528584daf0fd3c7e1d","loss.dataset_ce","84856","1779655375595","1.8305803537368774"
"waitk-student","e3576becbb304f528584daf0fd3c7e1d","loss.dataset_ce","85216","1779655457352","1.8693424463272095"
"waitk-student","e3576becbb304f528584daf0fd3c7e1d","loss.dataset_ce","85576","1779655538977","1.8797258138656616"
"waitk-student","e3576becbb304f528584daf0fd3c7e1d","loss.dataset_ce","85944","1779655622474","1.8671151399612427"
"waitk-student","e3576becbb304f528584daf0fd3c7e1d","loss.dataset_ce","86304","1779655704031","1.9197603464126587"
"waitk-student","e3576becbb304f528584daf0fd3c7e1d","loss.dataset_ce","86664","1779655785704","1.9299477338790894"
"waitk-student","e3576becbb304f528584daf0fd3c7e1d","loss.dataset_ce","87032","1779655874456","1.827366590499878"
"waitk-student","e3576becbb304f528584daf0fd3c7e1d","loss.dataset_ce","87392","1779655956509","1.8494006395339966"
"waitk-student","e3576becbb304f528584daf0fd3c7e1d","loss.dataset_ce","87752","1779656038276","1.7724025249481201"
"waitk-student","e3576becbb304f528584daf0fd3c7e1d","loss.dataset_ce","88112","1779656120136","1.8194364309310913"
"waitk-student","e3576becbb304f528584daf0fd3c7e1d","loss.dataset_ce","88480","1779656203917","1.9602397680282593"
"waitk-student","e3576becbb304f528584daf0fd3c7e1d","loss.dataset_ce","88840","1779656285824","1.8576061725616455"
"waitk-student","e3576becbb304f528584daf0fd3c7e1d","loss.dataset_ce","89200","1779656367610","1.7732011079788208"
"waitk-student","e3576becbb304f528584daf0fd3c7e1d","loss.dataset_ce","89568","1779656451358","1.9112164974212646"
"waitk-student","e3576becbb304f528584daf0fd3c7e1d","loss.dataset_ce","89928","1779656533233","2.01077938079834"
"waitk-student","e3576becbb304f528584daf0fd3c7e1d","loss.dataset_ce","90288","1779656615119","1.798173189163208"
"waitk-student","e3576becbb304f528584daf0fd3c7e1d","loss.dataset_ce","90656","1779656698945","1.8805289268493652"
"waitk-student","e3576becbb304f528584daf0fd3c7e1d","loss.dataset_ce","91016","1779656780604","1.9382859468460083"
"waitk-student","e3576becbb304f528584daf0fd3c7e1d","loss.dataset_ce","91376","1779656862359","1.7674691677093506"
"waitk-student","e3576becbb304f528584daf0fd3c7e1d","loss.dataset_ce","91744","1779656945963","1.8354703187942505"
"waitk-student","e3576becbb304f528584daf0fd3c7e1d","loss.dataset_ce","92104","1779657027611","1.943394660949707"
"waitk-student","e3576becbb304f528584daf0fd3c7e1d","loss.dataset_ce","92464","1779657109493","1.9044198989868164"
"waitk-student","e3576becbb304f528584daf0fd3c7e1d","loss.dataset_ce","92832","1779657192899","2.0358753204345703"
"waitk-student","e3576becbb304f528584daf0fd3c7e1d","loss.dataset_ce","93192","1779657274657","1.9448646306991577"
"waitk-student","e3576becbb304f528584daf0fd3c7e1d","loss.dataset_ce","93552","1779657356406","1.9718786478042603"
"waitk-student","e3576becbb304f528584daf0fd3c7e1d","loss.dataset_ce","93920","1779657439960","1.8314117193222046"
"waitk-student","e3576becbb304f528584daf0fd3c7e1d","loss.dataset_ce","94280","1779657521706","1.9040278196334839"
"waitk-student","e3576becbb304f528584daf0fd3c7e1d","loss.dataset_ce","94640","1779657603666","1.8241640329360962"
"waitk-student","e3576becbb304f528584daf0fd3c7e1d","loss.dataset_ce","95008","1779657687263","1.7877554893493652"
"waitk-student","e3576becbb304f528584daf0fd3c7e1d","loss.dataset_ce","95368","1779657769323","1.899205207824707"
"waitk-student","e3576becbb304f528584daf0fd3c7e1d","loss.dataset_ce","95728","1779657851209","1.702544093132019"
"waitk-student","e3576becbb304f528584daf0fd3c7e1d","loss.dataset_ce","96096","1779657934826","1.7560532093048096"
"waitk-student","e3576becbb304f528584daf0fd3c7e1d","loss.dataset_ce","96456","1779658016906","1.7296602725982666"
"waitk-student","e3576becbb304f528584daf0fd3c7e1d","loss.dataset_ce","96816","1779658098612","1.8755595684051514"
"waitk-student","e3576becbb304f528584daf0fd3c7e1d","loss.dataset_ce","97184","1779658182183","1.934594750404358"
"waitk-student","e3576becbb304f528584daf0fd3c7e1d","loss.dataset_ce","97544","1779658263832","1.9115484952926636"
"waitk-student","e3576becbb304f528584daf0fd3c7e1d","loss.dataset_ce","97904","1779658345779","1.7903708219528198"
"waitk-student","e3576becbb304f528584daf0fd3c7e1d","loss.dataset_ce","98272","1779658429634","1.7721089124679565"
"waitk-student","e3576becbb304f528584daf0fd3c7e1d","loss.dataset_ce","98632","1779658511357","1.8372313976287842"
"waitk-student","e3576becbb304f528584daf0fd3c7e1d","loss.dataset_ce","98992","1779658593217","1.7821428775787354"
"waitk-student","e3576becbb304f528584daf0fd3c7e1d","loss.dataset_ce","99360","1779658676998","1.7463090419769287"
"waitk-student","e3576becbb304f528584daf0fd3c7e1d","loss.dataset_ce","99720","1779658758704","1.773277759552002"
"waitk-student","e3576becbb304f528584daf0fd3c7e1d","loss.dataset_ce","100080","1779658840453","1.94834303855896"
"waitk-student","e3576becbb304f528584daf0fd3c7e1d","loss.dataset_ce","100448","1779658924093","1.8963055610656738"
"waitk-student","e3576becbb304f528584daf0fd3c7e1d","loss.dataset_ce","100808","1779659006088","1.811556100845337"
"waitk-student","e3576becbb304f528584daf0fd3c7e1d","loss.dataset_ce","101168","1779659088135","1.8578526973724365"
"waitk-student","e3576becbb304f528584daf0fd3c7e1d","loss.dataset_ce","101536","1779659176658","1.7290576696395874"
"waitk-student","e3576becbb304f528584daf0fd3c7e1d","loss.dataset_ce","101896","1779659259040","1.5521376132965088"
"waitk-student","e3576becbb304f528584daf0fd3c7e1d","loss.dataset_ce","102256","1779659340845","1.7663815021514893"
"waitk-student","e3576becbb304f528584daf0fd3c7e1d","loss.dataset_ce","102616","1779659422751","1.585592269897461"
"waitk-student","e3576becbb304f528584daf0fd3c7e1d","loss.dataset_ce","102984","1779659506311","1.8343312740325928"
"waitk-student","e3576becbb304f528584daf0fd3c7e1d","loss.dataset_ce","103344","1779659588006","1.7406827211380005"
"waitk-student","e3576becbb304f528584daf0fd3c7e1d","loss.dataset_ce","103704","1779659669911","1.6198500394821167"
"waitk-student","e3576becbb304f528584daf0fd3c7e1d","loss.dataset_ce","104072","1779659753661","1.747638463973999"
"waitk-student","e3576becbb304f528584daf0fd3c7e1d","loss.dataset_ce","104432","1779659835341","1.736863136291504"
"waitk-student","e3576becbb304f528584daf0fd3c7e1d","loss.dataset_ce","104792","1779659917141","1.7100179195404053"
"waitk-student","e3576becbb304f528584daf0fd3c7e1d","loss.dataset_ce","105160","1779660000637","1.6923305988311768"
"waitk-student","e3576becbb304f528584daf0fd3c7e1d","loss.dataset_ce","105520","1779660082624","1.7756197452545166"
"waitk-student","e3576becbb304f528584daf0fd3c7e1d","loss.dataset_ce","105880","1779660164421","1.8047728538513184"
"waitk-student","e3576becbb304f528584daf0fd3c7e1d","loss.dataset_ce","106248","1779660247896","1.7459896802902222"
"waitk-student","e3576becbb304f528584daf0fd3c7e1d","loss.dataset_ce","106608","1779660329698","1.696872353553772"
"waitk-student","e3576becbb304f528584daf0fd3c7e1d","loss.dataset_ce","106968","1779660411680","1.7705979347229004"
"waitk-student","e3576becbb304f528584daf0fd3c7e1d","loss.dataset_ce","107336","1779660495255","1.7336019277572632"
"waitk-student","e3576becbb304f528584daf0fd3c7e1d","loss.dataset_ce","107696","1779660577329","1.7381683588027954"
"waitk-student","e3576becbb304f528584daf0fd3c7e1d","loss.dataset_ce","108056","1779660659194","1.797966718673706"
"waitk-student","e3576becbb304f528584daf0fd3c7e1d","loss.dataset_ce","108424","1779660742952","1.785014033317566"
"waitk-student","e3576becbb304f528584daf0fd3c7e1d","loss.dataset_ce","108784","1779660824872","1.870322346687317"
"waitk-student","e3576becbb304f528584daf0fd3c7e1d","loss.dataset_ce","109144","1779660906609","1.861965298652649"
"waitk-student","e3576becbb304f528584daf0fd3c7e1d","loss.dataset_ce","109512","1779660990290","1.5510119199752808"
"waitk-student","e3576becbb304f528584daf0fd3c7e1d","loss.dataset_ce","109872","1779661072067","1.8416262865066528"
"waitk-student","e3576becbb304f528584daf0fd3c7e1d","loss.dataset_ce","110232","1779661153706","1.8746188879013062"
"waitk-student","e3576becbb304f528584daf0fd3c7e1d","loss.dataset_ce","110600","1779661237306","1.7598353624343872"
"waitk-student","e3576becbb304f528584daf0fd3c7e1d","loss.dataset_ce","110960","1779661319021","1.613133192062378"
"waitk-student","e3576becbb304f528584daf0fd3c7e1d","loss.dataset_ce","111320","1779661400906","1.6164593696594238"
"waitk-student","e3576becbb304f528584daf0fd3c7e1d","loss.dataset_ce","111688","1779661484539","1.6659314632415771"
"waitk-student","e3576becbb304f528584daf0fd3c7e1d","loss.dataset_ce","112048","1779661566217","1.7096446752548218"
"waitk-student","e3576becbb304f528584daf0fd3c7e1d","loss.dataset_ce","112408","1779661648139","1.693170189857483"
"waitk-student","e3576becbb304f528584daf0fd3c7e1d","loss.dataset_ce","112776","1779661731778","1.7419719696044922"
"waitk-student","e3576becbb304f528584daf0fd3c7e1d","loss.dataset_ce","113136","1779661813767","1.7431178092956543"
"waitk-student","e3576becbb304f528584daf0fd3c7e1d","loss.dataset_ce","113496","1779661895665","1.7126938104629517"
"waitk-student","e3576becbb304f528584daf0fd3c7e1d","loss.dataset_ce","113864","1779661979246","1.7025707960128784"
"waitk-student","e3576becbb304f528584daf0fd3c7e1d","loss.dataset_ce","114224","1779662061181","1.8036507368087769"
"waitk-student","e3576becbb304f528584daf0fd3c7e1d","loss.dataset_ce","114584","1779662143004","1.9455912113189697"
"waitk-student","e3576becbb304f528584daf0fd3c7e1d","loss.dataset_ce","114952","1779662226486","1.7222857475280762"
"waitk-student","e3576becbb304f528584daf0fd3c7e1d","loss.dataset_ce","115312","1779662308228","1.7156249284744263"
"waitk-student","e3576becbb304f528584daf0fd3c7e1d","loss.dataset_ce","115672","1779662389986","1.7920002937316895"
"waitk-student","e3576becbb304f528584daf0fd3c7e1d","loss.dataset_ce","116032","1779662471708","1.663374423980713"
